team,week,passing_yards,passing_tds,interceptions,rushing_yards,rushing_tds,receiving_yards,receiving_tds,receptions,actual_points,total_yards,total_tds,rolling_yards,rolling_tds,rolling_pass_yds,rolling_rush_yds
ARI,1,0.0,0.0,0.0,0,0.0,84.0,0.4,4.0,12.8,0.0,0.4,0.0,0.4,0.0,0.0
ARI,2,0.0,0.0,0.0,0,0.0,52.0,0.6,4.0,6.8,0.0,0.6,0.0,0.5,0.0,0.0
ARI,3,0.0,0.0,0.0,0,0.0,60.0,1.0,8.0,15.6,0.0,1.0,0.0,0.6666666666666666,0.0,0.0
ARI,4,0.0,0.0,0.0,0,0.0,69.0,0.7,3.0,16.5,0.0,0.7,0.0,0.675,0.0,0.0
ARI,5,0.0,0.0,0.0,0,0.0,47.0,0.6,2.0,9.5,0.0,0.6,0.0,0.725,0.0,0.0
ARI,6,0.0,0.0,0.0,0,0.0,81.0,0.4,8.0,9.3,0.0,0.4,0.0,0.675,0.0,0.0
ARI,7,0.0,0.0,0.0,0,0.0,32.0,0.2,3.0,9.3,0.0,0.2,0.0,0.475,0.0,0.0
ARI,8,0.0,0.0,0.0,0,0.0,54.0,0.5,3.0,7.1,0.0,0.5,0.0,0.425,0.0,0.0
ARI,9,0.0,0.0,0.0,0,0.0,68.0,0.6,2.0,9.5,0.0,0.6,0.0,0.42500000000000004,0.0,0.0
ARI,10,0.0,0.0,0.0,0,0.0,45.0,0.2,4.0,8.5,0.0,0.2,0.0,0.375,0.0,0.0
ARI,11,0.0,0.0,0.0,0,0.0,73.0,0.2,3.0,7.3,0.0,0.2,0.0,0.375,0.0,0.0
ARI,12,0.0,0.0,0.0,0,0.0,57.0,0.5,3.0,12.0,0.0,0.5,0.0,0.375,0.0,0.0
ARI,13,0.0,0.0,0.0,0,0.0,84.0,0.7,7.0,12.5,0.0,0.7,0.0,0.4,0.0,0.0
ARI,14,0.0,0.0,0.0,0,0.0,79.0,0.3,7.0,15.5,0.0,0.3,0.0,0.425,0.0,0.0
ARI,15,0.0,0.0,0.0,0,0.0,78.0,0.8,6.0,15.7,0.0,0.8,0.0,0.575,0.0,0.0
ARI,16,0.0,0.0,0.0,0,0.0,41.0,0.3,5.0,15.0,0.0,0.3,0.0,0.525,0.0,0.0
ARI,17,0.0,0.0,0.0,0,0.0,60.0,0.7,5.0,12.0,0.0,0.7,0.0,0.5249999999999999,0.0,0.0
ATL,1,0.0,0.0,0.0,55,0.7,83.0,0.8999999999999999,8.0,22.2,55.0,1.5999999999999999,55.0,1.5999999999999999,0.0,55.0
ATL,2,0.0,0.0,0.0,118,0.5,105.0,0.8,8.0,21.7,118.0,1.3,86.5,1.45,0.0,86.5
ATL,3,0.0,0.0,0.0,94,0.4,79.0,0.6,7.0,19.200000000000003,94.0,1.0,89.0,1.3,0.0,89.0
ATL,4,0.0,0.0,0.0,65,0.9,56.0,0.8999999999999999,7.0,26.2,65.0,1.7999999999999998,83.0,1.4249999999999998,0.0,83.0
ATL,5,0.0,0.0,0.0,82,1.5,65.0,0.5,11.0,31.0,82.0,2.0,89.75,1.525,0.0,89.75
ATL,6,0.0,0.0,0.0,115,1.0,84.0,0.5,10.0,29.700000000000003,115.0,1.5,89.0,1.5749999999999997,0.0,89.0
ATL,7,0.0,0.0,0.0,121,0.5,136.0,0.9,14.0,27.2,121.0,1.4,95.75,1.6749999999999998,0.0,95.75
ATL,8,0.0,0.0,0.0,115,0.7,106.0,0.7,7.0,28.1,115.0,1.4,108.25,1.5750000000000002,0.0,108.25
ATL,9,0.0,0.0,0.0,109,1.1,80.0,0.7,9.0,36.5,109.0,1.8,115.0,1.5250000000000001,0.0,115.0
ATL,10,0.0,0.0,0.0,97,0.9,67.0,0.8999999999999999,8.0,32.2,97.0,1.7999999999999998,110.5,1.5999999999999999,0.0,110.5
ATL,11,0.0,0.0,0.0,114,0.7,64.0,0.4,11.0,17.9,114.0,1.1,108.75,1.525,0.0,108.75
ATL,12,0.0,0.0,0.0,60,0.4,59.0,0.4,7.0,25.5,60.0,0.8,95.0,1.375,0.0,95.0
ATL,13,0.0,0.0,0.0,91,0.5,93.0,0.3,7.0,27.799999999999997,91.0,0.8,90.5,1.125,0.0,90.5
ATL,14,0.0,0.0,0.0,85,0.7,102.0,0.8,9.0,22.5,85.0,1.5,87.5,1.05,0.0,87.5
ATL,15,0.0,0.0,0.0,95,0.5,63.0,0.4,5.0,22.0,95.0,0.9,82.75,1.0,0.0,82.75
ATL,16,0.0,0.0,0.0,94,0.6,91.0,0.8999999999999999,10.0,26.3,94.0,1.5,91.25,1.175,0.0,91.25
ATL,17,0.0,0.0,0.0,126,0.9,110.0,0.5,8.0,24.900000000000002,126.0,1.4,100.0,1.3250000000000002,0.0,100.0
BAL,1,250.0,3.1,1.0,189,1.4,135.0,0.3,10.0,49.7,439.0,4.8,439.0,4.8,250.0,189.0
BAL,2,301.0,1.7,0.0,173,0.9,125.0,0.6,11.0,42.7,474.0,3.2,456.5,4.0,275.5,181.0
BAL,3,253.0,1.6,0.0,119,1.1,93.0,0.8999999999999999,8.0,49.0,372.0,3.6,428.3333333333333,3.8666666666666667,268.0,160.33333333333334
BAL,4,318.0,2.0,1.0,131,0.8,89.0,0.8,7.0,45.8,449.0,3.5999999999999996,433.5,3.8,280.5,153.0
BAL,5,263.0,2.7,1.0,99,0.9,102.0,0.7,7.0,40.8,362.0,4.3,414.25,3.675,283.75,130.5
BAL,6,266.0,2.0,0.0,139,1.0,79.0,0.5,6.0,52.3,405.0,3.5,397.0,3.75,275.0,122.0
BAL,7,228.0,2.0,1.0,117,0.8999999999999999,138.0,1.2,7.0,46.2,345.0,4.1,390.25,3.875,268.75,121.5
BAL,8,237.0,1.6,1.0,128,1.4000000000000001,140.0,0.9,13.0,53.2,365.0,3.9,369.25,3.95,248.5,120.75
BAL,9,274.0,3.2,0.0,143,1.4,69.0,0.6,5.0,39.7,417.0,5.199999999999999,383.0,4.175,251.25,131.75
BAL,10,215.0,1.4,1.0,99,0.5,140.0,1.1,10.0,38.2,314.0,3.0,360.25,4.05,238.5,121.75
BAL,11,183.0,1.4,1.0,88,0.8999999999999999,79.0,0.3,5.0,37.9,271.0,2.5999999999999996,341.75,3.675,227.25,114.5
BAL,12,222.0,2.1,0.0,94,0.7,112.0,0.4,9.0,43.699999999999996,316.0,3.1999999999999997,329.5,3.4999999999999996,223.5,106.0
BAL,13,276.0,2.1,1.0,167,1.9,97.0,0.6,12.0,67.6,443.0,4.6,336.0,3.3499999999999996,224.0,112.0
BAL,14,250.0,2.7,0.0,95,0.8,71.0,0.4,6.0,55.699999999999996,345.0,3.9,343.75,3.5749999999999997,232.75,111.0
BAL,15,228.0,2.1,0.0,92,0.9,109.0,0.8999999999999999,12.0,51.5,320.0,3.9,356.0,3.8999999999999995,244.0,112.0
BAL,16,187.0,2.4,1.0,108,0.8999999999999999,52.0,0.5,9.0,43.4,295.0,3.8,350.75,4.05,235.25,115.5
BAL,17,318.0,2.2,0.0,184,1.7999999999999998,106.0,0.6,10.0,47.099999999999994,502.0,4.6,365.5,4.05,245.75,119.75
BUF,1,276.0,1.8,0.0,16,0.1,59.0,0.5,5.0,34.9,292.0,2.4000000000000004,292.0,2.4000000000000004,276.0,16.0
BUF,2,307.0,1.6,0.0,12,0.2,60.0,0.5,3.0,38.599999999999994,319.0,2.3,305.5,2.35,291.5,14.0
BUF,3,246.0,2.0,1.0,28,0.2,101.0,0.6,4.0,29.5,274.0,2.8000000000000003,295.0,2.5,276.3333333333333,18.666666666666668
BUF,4,271.0,1.7,1.0,16,0.4,52.0,0.6,5.0,25.6,287.0,2.7,293.0,2.5500000000000003,275.0,18.0
BUF,5,278.0,1.8,1.0,17,0.3,37.0,0.5,4.0,33.6,295.0,2.6,293.75,2.6,275.5,18.25
BUF,6,209.0,2.8,1.0,38,0.3,60.0,0.4,4.0,24.9,247.0,3.4999999999999996,275.75,2.9000000000000004,251.0,24.75
BUF,7,304.0,2.7,1.0,27,0.2,45.0,0.7,5.0,28.1,331.0,3.6000000000000005,290.0,3.1,265.5,24.5
BUF,8,307.0,3.0,0.0,25,0.3,73.0,0.3,4.0,32.1,332.0,3.5999999999999996,301.25,3.3249999999999997,274.5,26.75
BUF,9,284.0,2.2,0.0,11,0.4,34.0,0.4,3.0,32.1,295.0,3.0,301.25,3.425,276.0,25.25
BUF,10,329.0,2.9,0.0,34,0.3,68.0,0.4,3.0,31.4,363.0,3.5999999999999996,330.25,3.4499999999999997,306.0,24.25
BUF,11,228.0,2.3,1.0,23,0.1,81.0,0.2,6.0,24.400000000000002,251.0,2.6,310.25,3.2,287.0,23.25
BUF,12,232.0,1.8,1.0,45,0.3,91.0,0.3,5.0,34.8,277.0,2.4,296.5,2.9,268.25,28.25
BUF,13,248.0,2.4,1.0,28,0.2,63.0,0.2,7.0,28.7,276.0,2.8000000000000003,291.75,2.85,259.25,32.5
BUF,14,310.0,2.1,1.0,11,0.0,49.0,0.4,4.0,34.3,321.0,2.5,281.25,2.575,254.5,26.75
BUF,15,263.0,1.4,1.0,32,0.3,38.0,0.6,5.0,34.3,295.0,2.3,292.25,2.5,263.25,29.0
BUF,16,194.0,2.2,1.0,33,0.1,46.0,0.6,4.0,22.0,227.0,2.9000000000000004,279.75,2.625,253.75,26.0
BUF,17,291.0,2.9,1.0,33,0.1,45.0,0.6,6.0,46.3,324.0,3.6,291.75,2.825,264.5,27.25
CIN,1,193.0,1.6,1.0,30,0.1,76.0,0.8,6.0,33.8,223.0,2.5,223.0,2.5,193.0,30.0
CIN,2,377.0,3.2,0.0,20,0.4,131.0,0.8,8.0,39.3,397.0,4.4,310.0,3.45,285.0,25.0
CIN,3,247.0,2.3,0.0,41,0.0,54.0,0.7,3.0,25.6,288.0,3.0,302.6666666666667,3.3000000000000003,272.3333333333333,30.333333333333332
CIN,4,291.0,1.6,1.0,27,0.4,68.0,0.2,6.0,30.4,318.0,2.2,306.5,3.0250000000000004,277.0,29.5
CIN,5,283.0,2.0,1.0,45,0.4,60.0,1.1,10.0,32.0,328.0,3.5,332.75,3.2750000000000004,299.5,33.25
CIN,6,301.0,1.9,0.0,36,0.4,74.0,0.9,4.0,40.5,337.0,3.1999999999999997,317.75,2.975,280.5,37.25
CIN,7,195.0,2.0,1.0,38,0.2,113.0,0.8,5.0,25.0,233.0,3.0,304.0,2.975,267.5,36.5
CIN,8,204.0,2.3,1.0,46,0.1,106.0,1.0,9.0,28.7,250.0,3.4,287.0,3.2749999999999995,245.75,41.25
CIN,9,260.0,2.2,0.0,26,0.3,97.0,0.3,4.0,27.2,286.0,2.8,276.5,3.0999999999999996,240.0,36.5
CIN,10,296.0,2.3,1.0,34,0.5,126.0,1.1,10.0,32.6,330.0,3.9,274.75,3.275,238.75,36.0
CIN,11,247.0,2.0,0.0,31,0.0,80.0,0.5,8.0,30.200000000000003,278.0,2.5,286.0,3.15,251.75,34.25
CIN,12,265.0,2.1,1.0,22,0.4,99.0,0.6,5.0,27.6,287.0,3.1,295.25,3.0749999999999997,267.0,28.25
CIN,13,295.0,2.6,0.0,24,0.0,97.0,1.0,8.0,35.3,319.0,3.6,303.5,3.275,275.75,27.75
CIN,14,268.0,2.7,0.0,52,0.5,64.0,0.2,8.0,28.099999999999998,320.0,3.4000000000000004,301.0,3.15,268.75,32.25
CIN,15,363.0,2.2,1.0,33,0.4,49.0,0.5,8.0,30.3,396.0,3.1,330.5,3.3,297.75,32.75
CIN,16,257.0,1.8,0.0,53,0.5,74.0,1.2,7.0,36.2,310.0,3.5,336.25,3.4000000000000004,295.75,40.5
CIN,17,281.0,2.5,1.0,23,0.1,110.0,1.2,7.0,43.2,304.0,3.8,332.5,3.45,292.25,40.25
CLE,1,0.0,0.0,0.0,0,0.0,76.0,0.6,5.0,11.8,0.0,0.6,0.0,0.6,0.0,0.0
CLE,2,0.0,0.0,0.0,0,0.0,75.0,0.3,4.0,12.5,0.0,0.3,0.0,0.44999999999999996,0.0,0.0
CLE,3,0.0,0.0,0.0,0,0.0,45.0,0.5,3.0,7.0,0.0,0.5,0.0,0.4666666666666666,0.0,0.0
CLE,4,0.0,0.0,0.0,0,0.0,99.0,0.9,4.0,11.2,0.0,0.9,0.0,0.575,0.0,0.0
CLE,5,0.0,0.0,0.0,0,0.0,31.0,0.7,2.0,9.2,0.0,0.7,0.0,0.6,0.0,0.0
CLE,6,0.0,0.0,0.0,0,0.0,49.0,0.4,7.0,14.3,0.0,0.4,0.0,0.625,0.0,0.0
CLE,7,0.0,0.0,0.0,0,0.0,34.0,0.2,2.0,6.3,0.0,0.2,0.0,0.55,0.0,0.0
CLE,8,0.0,0.0,0.0,0,0.0,46.0,0.4,7.0,12.4,0.0,0.4,0.0,0.42500000000000004,0.0,0.0
CLE,9,0.0,0.0,0.0,0,0.0,51.0,0.3,3.0,7.7,0.0,0.3,0.0,0.32499999999999996,0.0,0.0
CLE,10,0.0,0.0,0.0,0,0.0,44.0,0.9,8.0,11.6,0.0,0.9,0.0,0.45,0.0,0.0
CLE,11,0.0,0.0,0.0,0,0.0,44.0,0.2,3.0,5.8,0.0,0.2,0.0,0.45,0.0,0.0
CLE,12,0.0,0.0,0.0,0,0.0,52.0,0.4,4.0,5.5,0.0,0.4,0.0,0.45,0.0,0.0
CLE,13,0.0,0.0,0.0,0,0.0,81.0,0.8,4.0,8.9,0.0,0.8,0.0,0.575,0.0,0.0
CLE,14,0.0,0.0,0.0,0,0.0,61.0,0.3,4.0,15.3,0.0,0.3,0.0,0.42500000000000004,0.0,0.0
CLE,15,0.0,0.0,0.0,0,0.0,72.0,0.4,4.0,10.4,0.0,0.4,0.0,0.47500000000000003,0.0,0.0
CLE,16,0.0,0.0,0.0,0,0.0,85.0,0.9,4.0,16.3,0.0,0.9,0.0,0.6000000000000001,0.0,0.0
CLE,17,0.0,0.0,0.0,0,0.0,62.0,0.3,5.0,5.7,0.0,0.3,0.0,0.47500000000000003,0.0,0.0
DAL,1,275.0,1.8,1.0,22,0.1,66.0,0.4,4.0,35.5,297.0,2.3000000000000003,297.0,2.3000000000000003,275.0,22.0
DAL,2,220.0,2.0,0.0,25,0.1,84.0,0.5,3.0,29.6,245.0,2.6,271.0,2.45,247.5,23.5
DAL,3,310.0,2.9,1.0,18,0.1,89.0,0.9,7.0,40.5,328.0,3.9,290.0,2.9333333333333336,268.3333333333333,21.666666666666668
DAL,4,232.0,1.9,1.0,34,0.1,58.0,0.6,4.0,31.400000000000002,266.0,2.6,284.0,2.85,259.25,24.75
DAL,5,262.0,1.6,1.0,15,0.3,69.0,0.6,8.0,34.3,277.0,2.5,279.0,2.9,256.0,23.0
DAL,6,250.0,2.5,1.0,22,0.1,76.0,0.3,10.0,36.0,272.0,2.9,285.75,2.975,263.5,22.25
DAL,7,364.0,3.3,1.0,34,0.3,78.0,0.5,5.0,37.4,398.0,4.1,303.25,3.025,277.0,26.25
DAL,8,214.0,1.7,0.0,19,0.1,96.0,0.4,5.0,32.0,233.0,2.2,295.0,2.925,272.5,22.5
DAL,9,187.0,1.5,0.0,34,0.1,65.0,0.3,5.0,28.299999999999997,221.0,1.9000000000000001,281.0,2.775,253.75,27.25
DAL,10,300.0,2.9,0.0,59,0.1,97.0,0.6,7.0,42.400000000000006,359.0,3.6,302.75,2.95,266.25,36.5
DAL,11,250.0,2.8,1.0,40,0.3,51.0,0.9,7.0,33.5,290.0,3.9999999999999996,275.75,2.925,237.75,38.0
DAL,12,250.0,1.9,0.0,53,0.5,94.0,0.5,8.0,30.7,303.0,2.9,293.25,3.1,246.75,46.5
DAL,13,245.0,2.8,0.0,42,0.3,104.0,0.3,8.0,48.5,287.0,3.3999999999999995,309.75,3.4749999999999996,261.25,48.5
DAL,14,281.0,2.6,0.0,12,0.3,72.0,1.1,9.0,31.8,293.0,4.0,293.25,3.5749999999999993,256.5,36.75
DAL,15,329.0,2.9,1.0,60,0.1,65.0,0.2,5.0,44.8,389.0,3.2,318.0,3.375,276.25,41.75
DAL,16,221.0,1.9,1.0,43,0.1,54.0,0.4,5.0,22.6,264.0,2.4,308.25,3.25,269.0,39.25
DAL,17,322.0,2.2,0.0,61,0.5,72.0,0.6,3.0,28.0,383.0,3.3000000000000003,332.25,3.2250000000000005,288.25,44.0
DET,1,197.0,2.1,0.0,123,1.2000000000000002,211.0,1.1,13.0,54.4,320.0,4.4,320.0,4.4,197.0,123.0
DET,2,369.0,2.0,1.0,176,1.3,194.0,1.2,12.0,77.5,545.0,4.5,432.5,4.45,283.0,149.5
DET,3,255.0,2.9,1.0,156,1.2000000000000002,221.0,1.4,19.0,67.7,411.0,5.5,425.3333333333333,4.8,273.6666666666667,151.66666666666666
DET,4,256.0,2.7,0.0,171,1.5,159.0,1.1,13.0,54.7,427.0,5.300000000000001,425.75,4.925000000000001,269.25,156.5
DET,5,306.0,2.7,1.0,153,0.8999999999999999,178.0,1.1,13.0,53.9,459.0,4.7,460.5,5.0,296.5,164.0
DET,6,218.0,1.7,1.0,110,0.6,146.0,1.3,16.0,46.1,328.0,3.5999999999999996,406.25,4.775,258.75,147.5
DET,7,282.0,1.5,1.0,153,1.3,290.0,1.8,21.0,75.8,435.0,4.6,412.25,4.55,265.5,146.75
DET,8,217.0,1.7,0.0,81,1.3,163.0,0.9999999999999999,10.0,53.7,298.0,4.0,380.0,4.225,255.75,124.25
DET,9,340.0,2.7,0.0,81,0.8999999999999999,140.0,0.7,15.0,53.699999999999996,421.0,4.3,370.5,4.125,264.25,106.25
DET,10,264.0,2.1,1.0,106,0.6,151.0,1.4000000000000001,14.0,43.3,370.0,4.1000000000000005,381.0,4.25,275.75,105.25
DET,11,249.0,1.8,0.0,136,1.4000000000000001,136.0,1.6,12.0,52.0,385.0,4.800000000000001,368.5,4.300000000000001,267.5,101.0
DET,12,262.0,1.5,1.0,141,1.2000000000000002,153.0,1.5,17.0,65.5,403.0,4.2,394.75,4.3500000000000005,278.75,116.0
DET,13,219.0,2.5,1.0,109,0.8,205.0,0.9,14.0,69.7,328.0,4.2,371.5,4.325,248.5,123.0
DET,14,244.0,2.4,0.0,139,0.8999999999999999,178.0,1.9,17.0,53.6,383.0,5.199999999999999,374.75,4.6,243.5,131.25
DET,15,227.0,2.5,1.0,95,1.0,173.0,1.2,14.0,50.6,322.0,4.7,359.0,4.574999999999999,238.0,121.0
DET,16,256.0,1.7,0.0,107,1.3,171.0,1.6,11.0,52.8,363.0,4.6,349.0,4.675,236.5,112.5
DET,17,286.0,2.7,0.0,98,1.3,134.0,0.8999999999999999,9.0,59.4,384.0,4.9,363.0,4.85,253.25,109.75
GB,1,255.0,2.1,1.0,111,0.8,31.0,0.1,2.0,23.9,366.0,3.0000000000000004,366.0,3.0000000000000004,255.0,111.0
GB,2,253.0,1.6,0.0,78,0.7,34.0,0.1,3.0,25.9,331.0,2.4,348.5,2.7,254.0,94.5
GB,3,256.0,1.5,0.0,100,0.9,36.0,0.3,2.0,35.0,356.0,2.6999999999999997,351.0,2.6999999999999997,254.66666666666666,96.33333333333333
GB,4,337.0,3.0,1.0,104,1.0,42.0,0.0,1.0,33.3,441.0,4.0,373.5,3.025,275.25,98.25
GB,5,208.0,2.2,1.0,130,1.5,63.0,0.3,3.0,35.6,338.0,4.0,366.5,3.275,263.5,103.0
GB,6,268.0,2.8,1.0,128,0.7,53.0,0.2,6.0,30.3,396.0,3.7,382.75,3.5999999999999996,267.25,115.5
GB,7,267.0,1.7,0.0,148,1.7000000000000002,48.0,0.3,5.0,32.0,415.0,3.7,397.5,3.85,270.0,127.5
GB,8,296.0,1.6,0.0,85,0.9,28.0,0.2,2.0,28.7,381.0,2.7,382.5,3.5250000000000004,259.75,122.75
GB,9,305.0,1.7,0.0,68,0.7,32.0,0.1,1.0,35.1,373.0,2.5,391.25,3.1500000000000004,284.0,107.25
GB,10,290.0,2.1,1.0,144,0.7,45.0,0.4,5.0,34.4,434.0,3.1999999999999997,400.75,3.0250000000000004,289.5,111.25
GB,11,235.0,1.6,1.0,96,0.7999999999999999,53.0,0.0,5.0,39.1,331.0,2.4,379.75,2.7,281.5,98.25
GB,12,262.0,2.7,0.0,146,0.8999999999999999,51.0,0.2,5.0,40.7,408.0,3.8000000000000003,386.5,2.975,273.0,113.5
GB,13,335.0,2.2,1.0,164,1.2,46.0,0.1,5.0,49.099999999999994,499.0,3.5000000000000004,418.0,3.2249999999999996,280.5,137.5
GB,14,305.0,3.3,0.0,90,0.9,31.0,0.1,3.0,33.5,395.0,4.3,408.25,3.5,284.25,124.0
GB,15,269.0,1.4,0.0,154,0.5,31.0,0.3,4.0,39.5,423.0,2.1999999999999997,431.25,3.45,292.75,138.5
GB,16,284.0,2.0,1.0,116,0.7,24.0,0.2,3.0,30.700000000000003,400.0,2.9000000000000004,429.25,3.225,298.25,131.0
GB,17,294.0,1.7,0.0,113,0.7,18.0,0.0,2.0,30.900000000000002,407.0,2.4,406.25,2.9499999999999997,288.0,118.25
HOU,1,338.0,2.7,1.0,20,0.5,88.0,0.3,6.0,35.7,358.0,3.5,358.0,3.5,338.0,20.0
HOU,2,205.0,2.4,1.0,41,0.3,79.0,0.8,6.0,37.8,246.0,3.5,302.0,3.5,271.5,30.5
HOU,3,347.0,2.3,1.0,29,0.2,51.0,0.5,4.0,33.2,376.0,3.0,326.6666666666667,3.3333333333333335,296.6666666666667,30.0
HOU,4,311.0,2.0,1.0,42,0.1,85.0,0.6,4.0,41.2,353.0,2.7,333.25,3.175,300.25,33.0
HOU,5,207.0,2.6,0.0,54,0.4,71.0,0.5,4.0,29.8,261.0,3.5,309.0,3.175,267.5,41.5
HOU,6,200.0,1.5,0.0,36,0.1,93.0,0.5,10.0,34.8,236.0,2.1,306.5,2.825,266.25,40.25
HOU,7,288.0,1.8,0.0,46,0.1,71.0,0.6,4.0,42.900000000000006,334.0,2.5,296.0,2.7,251.5,44.5
HOU,8,228.0,1.7,1.0,20,0.2,120.0,0.5,7.0,32.6,248.0,2.4,269.75,2.625,230.75,39.0
HOU,9,271.0,1.4,1.0,50,0.5,122.0,1.1,9.0,40.7,321.0,3.0,284.75,2.5,246.75,38.0
HOU,10,343.0,2.7,0.0,20,0.5,105.0,1.0,6.0,40.4,363.0,4.2,316.5,3.0250000000000004,282.5,34.0
HOU,11,228.0,2.1,1.0,19,0.1,80.0,0.8,5.0,39.6,247.0,3.0,294.75,3.1500000000000004,267.5,27.25
HOU,12,232.0,2.0,0.0,24,0.4,55.0,0.3,6.0,22.6,256.0,2.6999999999999997,296.75,3.225,268.5,28.25
HOU,13,266.0,1.7,0.0,48,0.3,58.0,0.3,5.0,28.7,314.0,2.3,295.0,3.05,267.25,27.75
HOU,14,297.0,2.8,0.0,16,0.5,55.0,0.7,6.0,41.2,313.0,4.0,282.5,3.0,255.75,26.75
HOU,15,301.0,2.4,0.0,29,0.2,54.0,0.3,6.0,41.0,330.0,2.9,303.25,2.9749999999999996,274.0,29.25
HOU,16,180.0,1.6,0.0,25,0.2,72.0,0.5,8.0,40.8,205.0,2.3,290.5,2.875,261.0,29.5
HOU,17,233.0,1.9,0.0,51,0.3,88.0,0.5,6.0,24.400000000000002,284.0,2.6999999999999997,283.0,2.9749999999999996,252.75,30.25
IND,1,0.0,0.0,0.0,90,0.6,27.0,0.2,5.0,11.9,90.0,0.8,90.0,0.8,0.0,90.0
IND,2,0.0,0.0,0.0,101,0.8,43.0,0.0,4.0,10.4,101.0,0.8,95.5,0.8,0.0,95.5
IND,3,0.0,0.0,0.0,72,0.8,55.0,0.1,4.0,12.5,72.0,0.9,87.66666666666667,0.8333333333333334,0.0,87.66666666666667
IND,4,0.0,0.0,0.0,80,0.3,23.0,0.0,2.0,11.2,80.0,0.3,85.75,0.7000000000000001,0.0,85.75
IND,5,0.0,0.0,0.0,67,0.7,19.0,0.1,3.0,12.6,67.0,0.7999999999999999,80.0,0.7,0.0,80.0
IND,6,0.0,0.0,0.0,79,1.0,46.0,0.1,3.0,12.5,79.0,1.1,74.5,0.775,0.0,74.5
IND,7,0.0,0.0,0.0,44,0.4,12.0,0.0,2.0,10.6,44.0,0.4,67.5,0.65,0.0,67.5
IND,8,0.0,0.0,0.0,146,1.4,61.0,0.4,6.0,22.1,146.0,1.7999999999999998,84.0,1.025,0.0,84.0
IND,9,0.0,0.0,0.0,106,1.4,23.0,0.2,4.0,13.7,106.0,1.5999999999999999,93.75,1.2249999999999999,0.0,93.75
IND,10,0.0,0.0,0.0,85,0.7,51.0,0.3,3.0,19.1,85.0,1.0,95.25,1.2,0.0,95.25
IND,11,0.0,0.0,0.0,60,0.9,13.0,0.1,1.0,8.7,60.0,1.0,99.25,1.3499999999999999,0.0,99.25
IND,12,0.0,0.0,0.0,127,0.7,18.0,0.4,5.0,20.7,127.0,1.1,94.5,1.175,0.0,94.5
IND,13,0.0,0.0,0.0,77,0.5,39.0,0.1,4.0,14.3,77.0,0.6,87.25,0.925,0.0,87.25
IND,14,0.0,0.0,0.0,90,0.6,45.0,0.3,6.0,21.7,90.0,0.8999999999999999,88.5,0.9,0.0,88.5
IND,15,0.0,0.0,0.0,72,1.4,20.0,0.1,6.0,13.3,72.0,1.5,91.5,1.025,0.0,91.5
IND,16,0.0,0.0,0.0,150,0.8,39.0,0.4,6.0,17.7,150.0,1.2000000000000002,97.25,1.05,0.0,97.25
IND,17,0.0,0.0,0.0,96,0.6,34.0,0.4,5.0,16.7,96.0,1.0,102.0,1.15,0.0,102.0
JAC,1,0.0,0.0,0.0,0,0.0,40.0,0.6,3.0,10.5,0.0,0.6,0.0,0.6,0.0,0.0
JAC,2,0.0,0.0,0.0,0,0.0,41.0,0.2,4.0,8.9,0.0,0.2,0.0,0.4,0.0,0.0
JAC,3,0.0,0.0,0.0,0,0.0,28.0,0.3,4.0,9.8,0.0,0.3,0.0,0.3666666666666667,0.0,0.0
JAC,4,0.0,0.0,0.0,0,0.0,56.0,0.2,3.0,8.2,0.0,0.2,0.0,0.325,0.0,0.0
JAC,5,0.0,0.0,0.0,0,0.0,52.0,0.6,3.0,13.8,0.0,0.6,0.0,0.32499999999999996,0.0,0.0
JAC,6,0.0,0.0,0.0,0,0.0,33.0,0.6,2.0,10.9,0.0,0.6,0.0,0.425,0.0,0.0
JAC,7,0.0,0.0,0.0,0,0.0,42.0,0.6,7.0,9.8,0.0,0.6,0.0,0.5,0.0,0.0
JAC,8,0.0,0.0,0.0,0,0.0,71.0,0.7,5.0,8.0,0.0,0.7,0.0,0.625,0.0,0.0
JAC,9,0.0,0.0,0.0,0,0.0,42.0,0.5,6.0,13.1,0.0,0.5,0.0,0.6,0.0,0.0
JAC,10,0.0,0.0,0.0,0,0.0,90.0,0.4,6.0,15.4,0.0,0.4,0.0,0.5499999999999999,0.0,0.0
JAC,11,0.0,0.0,0.0,0,0.0,37.0,0.6,4.0,5.4,0.0,0.6,0.0,0.5499999999999999,0.0,0.0
JAC,12,0.0,0.0,0.0,0,0.0,77.0,0.5,3.0,9.1,0.0,0.5,0.0,0.5,0.0,0.0
JAC,13,0.0,0.0,0.0,0,0.0,77.0,0.3,7.0,15.8,0.0,0.3,0.0,0.44999999999999996,0.0,0.0
JAC,14,0.0,0.0,0.0,0,0.0,74.0,0.3,6.0,13.7,0.0,0.3,0.0,0.425,0.0,0.0
JAC,15,0.0,0.0,0.0,0,0.0,77.0,0.6,7.0,11.4,0.0,0.6,0.0,0.42499999999999993,0.0,0.0
JAC,16,0.0,0.0,0.0,0,0.0,59.0,0.7,5.0,8.4,0.0,0.7,0.0,0.475,0.0,0.0
JAC,17,0.0,0.0,0.0,0,0.0,54.0,0.9,4.0,7.2,0.0,0.9,0.0,0.625,0.0,0.0
KC,1,265.0,2.5,1.0,22,0.2,47.0,0.5,4.0,31.200000000000003,287.0,3.2,287.0,3.2,265.0,22.0
KC,2,269.0,3.3,1.0,42,0.2,76.0,0.6,6.0,30.0,311.0,4.1,299.0,3.65,267.0,32.0
KC,3,248.0,2.0,0.0,31,0.3,58.0,0.5,5.0,35.0,279.0,2.8,292.3333333333333,3.3666666666666667,260.6666666666667,31.666666666666668
KC,4,334.0,2.9,1.0,56,0.3,45.0,0.7,5.0,27.5,390.0,3.8999999999999995,316.75,3.5,279.0,37.75
KC,5,334.0,2.0,0.0,38,0.3,55.0,0.4,3.0,22.799999999999997,372.0,2.6999999999999997,338.0,3.375,296.25,41.75
KC,6,336.0,2.9,0.0,38,0.0,36.0,0.7,3.0,39.7,374.0,3.5999999999999996,353.75,3.2499999999999996,313.0,40.75
KC,7,272.0,1.6,0.0,18,0.1,57.0,0.4,7.0,25.5,290.0,2.1,356.5,3.0749999999999997,319.0,37.5
KC,8,270.0,1.7,1.0,37,0.1,64.0,0.6,4.0,37.5,307.0,2.4,335.75,2.6999999999999997,303.0,32.75
KC,9,333.0,2.1,0.0,27,0.1,74.0,0.7,5.0,33.400000000000006,360.0,2.9000000000000004,332.75,2.75,302.75,30.0
KC,10,266.0,1.9,1.0,19,0.3,58.0,0.3,4.0,42.5,285.0,2.4999999999999996,310.5,2.4749999999999996,285.25,25.25
KC,11,308.0,2.6,0.0,12,0.3,36.0,0.3,2.0,43.7,320.0,3.1999999999999997,318.0,2.75,294.25,23.75
KC,12,287.0,2.0,0.0,20,0.1,34.0,0.1,2.0,26.1,307.0,2.2,318.0,2.6999999999999997,298.5,19.5
KC,13,314.0,2.3,0.0,23,0.5,75.0,0.7,4.0,39.9,337.0,3.5,312.25,2.8499999999999996,293.75,18.5
KC,14,275.0,2.2,1.0,19,0.1,86.0,0.2,4.0,20.7,294.0,2.5000000000000004,314.5,2.8499999999999996,296.0,18.5
KC,15,325.0,2.6,0.0,26,0.3,71.0,0.5,3.0,25.9,351.0,3.4,322.25,2.9,300.25,22.0
KC,16,275.0,2.9,0.0,37,0.3,48.0,0.6,4.0,27.599999999999998,312.0,3.8,323.5,3.3000000000000003,297.25,26.25
KC,17,257.0,3.1,1.0,30,0.3,67.0,0.7,3.0,36.599999999999994,287.0,4.1,311.0,3.45,283.0,28.0
LAR,1,0.0,0.0,0.0,111,1.0,130.0,0.8999999999999999,11.0,33.8,111.0,1.9,111.0,1.9,0.0,111.0
LAR,2,0.0,0.0,0.0,136,1.1,142.0,1.1,10.0,25.5,136.0,2.2,123.5,2.05,0.0,123.5
LAR,3,0.0,0.0,0.0,114,0.6,101.0,1.0,8.0,30.1,114.0,1.6,120.33333333333333,1.9000000000000001,0.0,120.33333333333333
LAR,4,0.0,0.0,0.0,82,0.4,123.0,1.1,12.0,37.1,82.0,1.5,110.75,1.8,0.0,110.75
LAR,5,0.0,0.0,0.0,96,0.5,71.0,0.5,12.0,24.6,96.0,1.0,107.0,1.5750000000000002,0.0,107.0
LAR,6,0.0,0.0,0.0,147,0.9,164.0,0.9,14.0,46.0,147.0,1.8,109.75,1.4749999999999999,0.0,109.75
LAR,7,0.0,0.0,0.0,111,1.1,70.0,0.8999999999999999,7.0,24.4,111.0,2.0,109.0,1.575,0.0,109.0
LAR,8,0.0,0.0,0.0,89,0.7,107.0,0.6,12.0,25.0,89.0,1.2999999999999998,110.75,1.525,0.0,110.75
LAR,9,0.0,0.0,0.0,130,0.7,152.0,1.1,12.0,38.4,130.0,1.8,119.25,1.7249999999999999,0.0,119.25
LAR,10,0.0,0.0,0.0,53,0.6,86.0,0.6000000000000001,7.0,23.799999999999997,53.0,1.2000000000000002,95.75,1.575,0.0,95.75
LAR,11,0.0,0.0,0.0,123,0.8,161.0,0.8,13.0,43.9,123.0,1.6,98.75,1.475,0.0,98.75
LAR,12,0.0,0.0,0.0,122,0.4,99.0,0.8999999999999999,12.0,27.5,122.0,1.2999999999999998,107.0,1.475,0.0,107.0
LAR,13,0.0,0.0,0.0,103,0.4,153.0,0.6,12.0,43.0,103.0,1.0,100.25,1.2750000000000001,0.0,100.25
LAR,14,0.0,0.0,0.0,99,0.6,83.0,0.5,7.0,36.5,99.0,1.1,111.75,1.25,0.0,111.75
LAR,15,0.0,0.0,0.0,70,0.7,133.0,0.6,11.0,35.0,70.0,1.2999999999999998,98.5,1.1749999999999998,0.0,98.5
LAR,16,0.0,0.0,0.0,92,0.5,121.0,0.8,10.0,22.0,92.0,1.3,91.0,1.1749999999999998,0.0,91.0
LAR,17,0.0,0.0,0.0,153,0.6,120.0,0.6,11.0,39.7,153.0,1.2,103.5,1.2249999999999999,0.0,103.5
MIA,1,0.0,0.0,0.0,106,0.9,96.0,0.7,8.0,18.5,106.0,1.6,106.0,1.6,0.0,106.0
MIA,2,0.0,0.0,0.0,92,1.3,83.0,0.7,12.0,36.400000000000006,92.0,2.0,99.0,1.8,0.0,99.0
MIA,3,0.0,0.0,0.0,126,1.0,137.0,0.6000000000000001,9.0,32.9,126.0,1.6,108.0,1.7333333333333334,0.0,108.0
MIA,4,0.0,0.0,0.0,64,0.7,103.0,0.8,7.0,35.900000000000006,64.0,1.5,97.0,1.675,0.0,97.0
MIA,5,0.0,0.0,0.0,90,0.5,113.0,0.8999999999999999,11.0,26.9,90.0,1.4,93.0,1.625,0.0,93.0
MIA,6,0.0,0.0,0.0,84,0.7,109.0,1.1,8.0,33.1,84.0,1.8,91.0,1.575,0.0,91.0
MIA,7,0.0,0.0,0.0,67,0.4,112.0,1.1,9.0,30.1,67.0,1.5,76.25,1.55,0.0,76.25
MIA,8,0.0,0.0,0.0,141,0.5,123.0,1.0,14.0,42.3,141.0,1.5,95.5,1.55,0.0,95.5
MIA,9,0.0,0.0,0.0,76,0.8,88.0,0.7,7.0,22.6,76.0,1.5,92.0,1.5750000000000002,0.0,92.0
MIA,10,0.0,0.0,0.0,71,0.4,126.0,1.0,12.0,25.0,71.0,1.4,88.75,1.4749999999999999,0.0,88.75
MIA,11,0.0,0.0,0.0,58,0.4,130.0,0.8999999999999999,10.0,19.2,58.0,1.2999999999999998,86.5,1.4249999999999998,0.0,86.5
MIA,12,0.0,0.0,0.0,110,0.4,138.0,0.6,7.0,22.2,110.0,1.0,78.75,1.2999999999999998,0.0,78.75
MIA,13,0.0,0.0,0.0,117,1.1,103.0,0.8,12.0,24.7,117.0,1.9000000000000001,89.0,1.4,0.0,89.0
MIA,14,0.0,0.0,0.0,132,1.3,149.0,1.1,8.0,40.4,132.0,2.4000000000000004,104.25,1.6500000000000001,0.0,104.25
MIA,15,0.0,0.0,0.0,78,0.5,77.0,0.3,12.0,32.8,78.0,0.8,109.25,1.5250000000000001,0.0,109.25
MIA,16,0.0,0.0,0.0,59,0.4,126.0,0.7,8.0,22.6,59.0,1.1,96.5,1.5500000000000003,0.0,96.5
MIA,17,0.0,0.0,0.0,146,1.3,97.0,1.0,10.0,26.700000000000003,146.0,2.3,103.75,1.6500000000000001,0.0,103.75
MIN,1,0.0,0.0,0.0,0,0.0,160.0,1.1,7.0,27.2,0.0,1.1,0.0,1.1,0.0,0.0
MIN,2,0.0,0.0,0.0,8,0.0,159.0,1.3,12.0,20.299999999999997,8.0,1.3,4.0,1.2000000000000002,0.0,4.0
MIN,3,0.0,0.0,0.0,0,0.0,139.0,0.5,10.0,23.1,0.0,0.5,2.6666666666666665,0.9666666666666668,0.0,2.6666666666666665
MIN,4,0.0,0.0,0.0,6,0.0,186.0,0.8999999999999999,11.0,25.700000000000003,6.0,0.8999999999999999,3.5,0.95,0.0,3.5
MIN,5,0.0,0.0,0.0,9,0.0,110.0,1.4,7.0,19.0,9.0,1.4,5.75,1.025,0.0,5.75
MIN,6,0.0,0.0,0.0,8,0.0,117.0,1.1,13.0,14.200000000000001,8.0,1.1,5.75,0.9750000000000001,0.0,5.75
MIN,7,0.0,0.0,0.0,5,0.0,110.0,0.9,10.0,22.6,5.0,0.9,7.0,1.075,0.0,7.0
MIN,8,0.0,0.0,0.0,6,0.0,102.0,0.5,7.0,25.0,6.0,0.5,7.0,0.975,0.0,7.0
MIN,9,0.0,0.0,0.0,7,0.0,158.0,0.8999999999999999,12.0,25.8,7.0,0.8999999999999999,6.5,0.85,0.0,6.5
MIN,10,0.0,0.0,0.0,0,0.0,105.0,1.2999999999999998,6.0,25.9,0.0,1.2999999999999998,4.5,0.8999999999999999,0.0,4.5
MIN,11,0.0,0.0,0.0,6,0.0,155.0,1.4,9.0,25.700000000000003,6.0,1.4,4.75,1.025,0.0,4.75
MIN,12,0.0,0.0,0.0,3,0.0,152.0,1.7000000000000002,15.0,20.9,3.0,1.7000000000000002,4.0,1.325,0.0,4.0
MIN,13,0.0,0.0,0.0,4,0.0,106.0,0.5,7.0,22.0,4.0,0.5,3.25,1.225,0.0,3.25
MIN,14,0.0,0.0,0.0,4,0.0,113.0,0.8,10.0,19.7,4.0,0.8,4.25,1.1,0.0,4.25
MIN,15,0.0,0.0,0.0,4,0.0,160.0,0.8999999999999999,12.0,25.4,4.0,0.8999999999999999,3.75,0.9750000000000001,0.0,3.75
MIN,16,0.0,0.0,0.0,5,0.0,160.0,1.1,13.0,24.8,5.0,1.1,4.25,0.825,0.0,4.25
MIN,17,0.0,0.0,0.0,5,0.0,168.0,1.0,11.0,24.1,5.0,1.0,4.5,0.95,0.0,4.5
NYJ,1,0.0,0.0,0.0,97,0.8,114.0,0.5,7.0,33.7,97.0,1.3,97.0,1.3,0.0,97.0
NYJ,2,0.0,0.0,0.0,142,0.8,172.0,1.0,16.0,41.2,142.0,1.8,119.5,1.55,0.0,119.5
NYJ,3,0.0,0.0,0.0,120,0.5,151.0,0.8999999999999999,9.0,33.400000000000006,120.0,1.4,119.66666666666667,1.5,0.0,119.66666666666667
NYJ,4,0.0,0.0,0.0,112,0.9,124.0,0.5,12.0,42.6,112.0,1.4,117.75,1.475,0.0,117.75
NYJ,5,0.0,0.0,0.0,129,0.5,93.0,0.7999999999999999,11.0,27.299999999999997,129.0,1.2999999999999998,125.75,1.475,0.0,125.75
NYJ,6,0.0,0.0,0.0,67,0.3,102.0,0.8999999999999999,6.0,22.1,67.0,1.2,107.0,1.3249999999999997,0.0,107.0
NYJ,7,0.0,0.0,0.0,108,1.0,97.0,1.1,12.0,32.0,108.0,2.1,104.0,1.5,0.0,104.0
NYJ,8,0.0,0.0,0.0,77,0.5,165.0,1.0,9.0,31.5,77.0,1.5,95.25,1.525,0.0,95.25
NYJ,9,0.0,0.0,0.0,97,0.5,126.0,1.0,10.0,21.5,97.0,1.5,87.25,1.5750000000000002,0.0,87.25
NYJ,10,0.0,0.0,0.0,116,0.9,70.0,1.0,9.0,24.200000000000003,116.0,1.9,99.5,1.75,0.0,99.5
NYJ,11,0.0,0.0,0.0,94,0.8,124.0,1.6,10.0,32.599999999999994,94.0,2.4000000000000004,96.0,1.8250000000000002,0.0,96.0
NYJ,12,0.0,0.0,0.0,72,0.3,98.0,0.7,6.0,25.200000000000003,72.0,1.0,94.75,1.7000000000000002,0.0,94.75
NYJ,13,0.0,0.0,0.0,74,0.2,106.0,1.2,6.0,32.1,74.0,1.4,89.0,1.675,0.0,89.0
NYJ,14,0.0,0.0,0.0,98,1.0,111.0,0.9,8.0,31.299999999999997,98.0,1.9,84.5,1.6750000000000003,0.0,84.5
NYJ,15,0.0,0.0,0.0,83,0.3,69.0,1.2,11.0,30.8,83.0,1.5,81.75,1.4500000000000002,0.0,81.75
NYJ,16,0.0,0.0,0.0,56,0.5,89.0,0.8999999999999999,9.0,20.0,56.0,1.4,77.75,1.55,0.0,77.75
NYJ,17,0.0,0.0,0.0,69,0.8,124.0,0.6,9.0,38.9,69.0,1.4,76.5,1.5499999999999998,0.0,76.5
PHI,1,272.0,2.1,1.0,99,1.2000000000000002,103.0,1.2000000000000002,11.0,54.1,371.0,4.5,371.0,4.5,272.0,99.0
PHI,2,277.0,2.2,1.0,174,0.4,84.0,0.8,9.0,56.8,451.0,3.4000000000000004,411.0,3.95,274.5,136.5
PHI,3,191.0,1.7,0.0,89,1.2,122.0,1.3,8.0,47.0,280.0,4.2,367.3333333333333,4.033333333333334,246.66666666666666,120.66666666666667
PHI,4,229.0,1.4,1.0,85,1.2000000000000002,156.0,1.3,7.0,41.9,314.0,3.9000000000000004,354.0,4.0,242.25,111.75
PHI,5,260.0,2.6,0.0,119,0.7,120.0,1.1,10.0,56.5,379.0,4.4,356.0,3.9750000000000005,239.25,116.75
PHI,6,231.0,2.3,0.0,98,0.9,134.0,0.5,10.0,55.0,329.0,3.6999999999999997,325.5,4.05,227.75,97.75
PHI,7,250.0,2.5,1.0,130,0.8999999999999999,147.0,1.3,8.0,50.9,380.0,4.7,350.5,4.175000000000001,242.5,108.0
PHI,8,210.0,1.9,1.0,120,0.5,124.0,1.4,15.0,71.4,330.0,3.8,354.5,4.1499999999999995,237.75,116.75
PHI,9,296.0,2.0,1.0,86,1.3,123.0,0.6000000000000001,8.0,47.1,382.0,3.9,355.25,4.025,246.75,108.5
PHI,10,280.0,3.1,1.0,144,0.9,133.0,0.30000000000000004,11.0,58.8,424.0,4.3,379.0,4.175,259.0,120.0
PHI,11,221.0,2.7,0.0,131,1.3,125.0,0.5,9.0,42.7,352.0,4.5,372.0,4.125,251.75,120.25
PHI,12,284.0,1.7,1.0,105,1.1,125.0,1.0,12.0,50.1,389.0,3.8,386.75,4.125,270.25,116.5
PHI,13,262.0,2.2,1.0,91,0.7,121.0,1.0,6.0,59.0,353.0,3.9000000000000004,379.5,4.125,261.75,117.75
PHI,14,292.0,2.7,1.0,147,1.1,130.0,0.4,9.0,40.2,439.0,4.2,383.25,4.1,264.75,118.5
PHI,15,246.0,1.4,0.0,115,0.6,111.0,0.3,6.0,45.099999999999994,361.0,2.3,385.5,3.55,271.0,114.5
PHI,16,198.0,2.3,1.0,156,1.0,154.0,1.1,10.0,53.599999999999994,354.0,4.4,376.75,3.7,249.5,127.25
PHI,17,265.0,2.6,1.0,105,0.6,124.0,0.9,9.0,49.8,370.0,4.1000000000000005,381.0,3.7500000000000004,250.25,130.75
SF,1,266.0,1.9,1.0,134,1.5999999999999999,151.0,0.8999999999999999,9.0,47.9,400.0,4.4,400.0,4.4,266.0,134.0
SF,2,335.0,2.4,1.0,97,1.2000000000000002,175.0,1.3,11.0,74.9,432.0,4.9,416.0,4.65,300.5,115.5
SF,3,268.0,2.6,0.0,130,1.1,142.0,1.4000000000000001,11.0,58.8,398.0,5.1000000000000005,410.0,4.800000000000001,289.6666666666667,120.33333333333333
SF,4,278.0,1.7,1.0,78,0.8,164.0,0.8,13.0,69.3,356.0,3.3,396.5,4.425000000000001,286.75,109.75
SF,5,343.0,2.6,1.0,99,1.0,159.0,0.9,13.0,54.2,442.0,4.5,407.0,4.45,306.0,101.0
SF,6,364.0,1.9,0.0,91,0.39999999999999997,162.0,0.8,15.0,54.099999999999994,455.0,3.0999999999999996,412.75,4.0,313.25,99.5
SF,7,279.0,1.9,0.0,114,0.5,199.0,1.2999999999999998,10.0,65.2,393.0,3.6999999999999997,411.5,3.6499999999999995,316.0,95.5
SF,8,235.0,2.0,1.0,89,0.7999999999999999,133.0,1.4,9.0,48.0,324.0,4.199999999999999,403.5,3.8749999999999996,305.25,98.25
SF,9,218.0,2.2,1.0,108,1.4000000000000001,171.0,1.2,15.0,61.1,326.0,4.800000000000001,374.5,3.9499999999999997,274.0,100.5
SF,10,295.0,2.0,0.0,149,1.0,155.0,1.8,12.0,51.0,444.0,4.8,371.75,4.375,256.75,115.0
SF,11,291.0,2.4,1.0,122,1.2000000000000002,212.0,1.5,16.0,60.5,413.0,5.1,376.75,4.725,259.75,117.0
SF,12,352.0,2.9,1.0,101,0.4,205.0,2.2,14.0,83.4,453.0,5.5,409.0,5.05,289.0,120.0
SF,13,298.0,2.5,1.0,93,0.9,173.0,1.3,12.0,60.5,391.0,4.7,425.25,5.025,309.0,116.25
SF,14,281.0,3.0,0.0,137,1.0,185.0,1.1,16.0,68.0,418.0,5.1,418.75,5.1,305.5,113.25
SF,15,346.0,3.1,0.0,122,1.5,156.0,1.0,10.0,57.6,468.0,5.6,432.5,5.225,319.25,113.25
SF,16,228.0,2.0,1.0,145,0.8,200.0,1.3,10.0,49.5,373.0,4.1,412.5,4.875,288.25,124.25
SF,17,197.0,2.4,0.0,98,1.3,172.0,0.8,9.0,48.3,295.0,4.5,388.5,4.824999999999999,263.0,125.5
